SAB	Sân bay Juancho E. Yrausquin	Juancho E. Yrausquin Airport	SAB	Saba Island	Saba Island	AN	Netherland Antilles	Netherland Antilles
SAF	Sân bay Santa Fe Municipal	Santa Fe Municipal Airport	SAF	Santa Fe	Santa Fe	US	Hoa kỳ	United States
SAH	Sân bay El Rahaba	El Rahaba Airport	SAH	Sanaa	Sanaa	YE	Yemen	Yemen
SAI	Sân bay quốc tế Siem Reap–Angkor	Siem Reap–Angkor International Airport	REP	Siem Reap	Siem Reap	KH	Campuchia	Cambodia
SAL	Sân bay El Salvador	El Salvador International Airport	SAL	San Salvador	San Salvador	SV	El Salvador	El Salvador
SAN	Sân bay quốc tế San Diego	San Diego International Airport	SAN	San Diego	San Diego	US	Hoa kỳ	United States
SAO	Tất cả các sân bay	All Airports	SAO	Sao Paulo	Sao Paulo	BR	Bra xin	Brazil
SAP	Sân bay La Mesa	La Mesa International Airport	SAP	San Pedro Sula	San Pedro Sula	HN	Honduras	Honduras
SAT	Sân bay San Antonio	San Antonio International Airport	SAT	San Antonio	San Antonio	US	Hoa kỳ	United States
SAV	Sân bay Savannah/Hilton Head	Savannah/Hilton Head International Airport	SAV	Savannah	Savannah	US	Hoa kỳ	United States
SAW	Sân bay Sabiha Gökçen	Sabiha Gökçen International Airport	SAW	Sabiha Gokcen	Sabiha Gokcen	TR	Thổ nhĩ kỳ	Turkey
SBA	Sân bay Santa Barbara Municipal	Santa Barbara Municipal Airport	SBA	Santa Barbara	Santa Barbara	US	Hoa kỳ	United States
SBH	Sân bay Gustaf III	Gustaf III Airport	SBH	St Barthelemy	St Barthelemy	FR	Pháp	France
SBN	Sân bay South Bend Regional	South Bend Regional Airport	SBN	South Bend	South Bend	US	Hoa kỳ	United States
SBP	Sân bay San Luis Obispo County Regional	San Luis Obispo County Regional Airport	CSL	San Luis Obispo	San Luis Obispo	US	Hoa kỳ	United States
SBW	Sân bay Sibu	Sibu Airport	SBW	Sibu	Sibu	MY	Malaysia	Malaysia
SBY	Sân bay Salisbury-Ocean City Wicomico Regional	Salisbury-Ocean City Wicomico Regional Airport	SBY	Salisbury Ocean City	Salisbury Ocean City	US	Hoa kỳ	United States
SBZ	Sân bay Sibiu	Sibiu International Airport	SBZ	Sibiu	Sibiu	RO	Rumani	Romania
SCC	Sân bay Deadhorse	Deadhorse Airport	SCC	Prudhoe Bay Deadhorse	Prudhoe Bay Deadhorse	US	Hoa kỳ	United States
SCE	Sân bay University Park	University Park Airport	SCE	State College	State College	US	Hoa kỳ	United States
SCF	Sân bay Scottsdale	Scottsdale Airport	SCF	Scottsdale	Scottsdale	US	Hoa kỳ	United States
SCK	Sân bay Stockton Metropolitan	Stockton Metropolitan Airport	SCK	Stockton	Stockton	US	Hoa kỳ	United States
SCL	Sân bay quốc tế Arturo Merino Benítez	Arturo Merino Benítez International Airport	SCL	Santiago	Santiago	CL	Chi lê	Chile
SCN	Sân bay Saarbrücken	Saarbrücken Airport	SCN	Saarbruecken	Saarbruecken	DE	Đức	Germany
SCO	Sân bay Aktau	Aktau Airport	SCO	Aktau	Aktau	KZ	Kazakstan	Kazakstan
SCQ	Sân bay Santiago de Compostela	Santiago de Compostela Airport	SCQ	Santiago De Compostela	Santiago De Compostela	ES	Tây Ban Nha	Spain
SCS	Sân bay Scatsta	Scatsta Airport	SDZ	Shetland Islands Area	Shetland Islands Area	GB	Anh quốc	United Kingdom
SCU	Sân bay Antonio Maceo	Antonio Maceo International Airport	SCU	Santiago	Santiago	CU	Cuba	Cuba
SCV	Sân bay Suceava	Suceava Airport	SCV	Suceava	Suceava	RO	Rumani	Romania
SCW	Sân bay Syktyvkar	Syktyvkar Airport	SCW	Syktyvkar	Syktyvkar	RU	Nga	Russia
SCY	Sân bay San Cristóbal	San Cristóbal Airport	SCY	San Cristobal	San Cristobal	EC	Ecuador	Ecuador
SDE	Sân bay Vicecomodoro Ángel de la Paz Aragonés	Vicecomodoro Ángel de la Paz Aragonés Airport	SDE	Santiago Del Estero	Santiago Del Estero	AR	Ác Hen Tina	Argentina
SDF	Sân bay Louisville	Louisville International Airport	SDF	Louisville	Louisville	KY	Cayman Islands	Cayman Islands
SDJ	Sân bay Sendai	Sendai Airport	SDJ	Sendai	Sendai	JP	Nhật bản	Japan
SDK	Sân bay Sandakan	Sandakan Airport	SDK	Sandakan	Sandakan	MY	Malaysia	Malaysia
SDL	Sân bay Sundsvall-Härnösand	Sundsvall-Härnösand Airport	SDL	Sundsvall	Sundsvall	SE	Thụy điển	Sweden
SDM	Sân bay Brown Field Municipal	Brown Field Municipal Airport	SAN	San Diego	San Diego	US	Hoa kỳ	United States
SDN	Sân bay Sandane	Sandane Airport, Anda	SDN	Sandane	Sandane	NO	Na Uy	Norway
SDP	Sân bay Sand Point	Sand Point Airport	SDP	Sand Point	Sand Point	US	Hoa kỳ	United States
SDQ	Sân bay Las Américas	Las Américas International Airport	SDQ	Santo Domingo	Santo Domingo	DO	Cộng hòa Dominicana	Dominican Republic
SDR	Sân bay Santander	Santander Airport	SDR	Santander	Santander	ES	Tây Ban Nha	Spain
SDU	Sân bay Santos Dumont	Santos Dumont Airport	RIO	Rio De Janeiro	Rio De Janeiro	BR	Bra xin	Brazil
SDV	Sân bay Sde Dov	Sde Dov Airport	TLV	Tel Aviv	Tel Aviv	IL	Israel	Israel
SDY	Sân bay Sidney-Richland Municipal	Sidney-Richland Municipal Airport	SDY	Sidney	Sidney	US	Hoa kỳ	United States
SEA	Sân bay Seattle–Tacoma	Seattle–Tacoma International Airport	SEA	Seattle	Seattle	US	Hoa kỳ	United States
SEE	Gillespie Field	Gillespie Field	SEE	San Diego	San Diego	US	Hoa kỳ	United States
SEL	Sân bay All	All Airports	SEL	Seoul	Seoul	KR	Hàn quốc	Korea
SEN	Sân bay London Southend	London Southend Airport	SEN	Southend	Southend	GB	Anh quốc	United Kingdom
SEZ	Sân bay Seychelles	Seychelles International Airport	SEZ	Mahe Island	Mahe Island	SC	Seychelles Islands	Seychelles Islands
SFA	Sân bay Thyna/El Maou	Thyna/El Maou Airport	SFA	Sfax	Sfax	TN	Tuy ni di	Tunisia
SFB	Sân bay Orlando Sanford	Orlando Sanford International Airport	SFB	Sanford	Sanford	US	Hoa kỳ	United States
SFF	Felts Field	Felts Field	GEG	Spokane	Spokane	US	Hoa kỳ	United States
SFJ	Sân bay Kangerlussuaq	Kangerlussuaq Airport	SFJ	Kangerlussuaq	Kangerlussuaq	GL	Greenland	Greenland
SFL	Sân bay São Filipe	São Filipe Airport	SFL	Sao Filipe	Sao Filipe	CV	Cape Verde	CAPE VERDE
SFO	Sân bay San Francisco	San Francisco International Airport	SFO	San Francisco	San Francisco	US	Hoa kỳ	United States
SFT	Sân bay Skellefteå	Skellefteå Airport	SFT	Skelleftea	Skelleftea	SE	Thụy điển	Sweden
SGC	Sân bay Surgut	Surgut Airport	SGC	Surgut	Surgut	RU	Nga	Russia
SGF	Sân bay Springfield-Branson National	Springfield-Branson National Airport	SGF	Springfield	Springfield	MO	Macau	Macau
SGN	Sân bay Tân Sơn Nhất	Tan Son Nhat International Airport	SGN	Hồ Chí Minh	Ho Chi Minh City	VN	Việt Nam	Vietnam
SGR	Sân bay Sugar Land Regional	Sugar Land Regional Airport	SGR	Sugar Land	Sugar Land	US	Hoa kỳ	United States
SGU	Sân bay St. George Municipal	St. George Municipal Airport	SGU	St George	St George	US	Hoa kỳ	United States
SGY	Sân bay Skagway	Skagway Airport	SGY	Skagway	Skagway	US	Hoa kỳ	United States
SHA	Sân bay Shanghai Hongqiao	Shanghai Hongqiao International Airport	SHA	Thượng Hải	Shanghai	CN	Trung Quốc	China
SHB	Sân bay Nakashibetsu	Nakashibetsu Airport	SHB	Nakashibetsu	Nakashibetsu	JP	Nhật bản	Japan
SHD	Sân bay Shenandoah Valley Regional	Shenandoah Valley Regional Airport	SHD	Staunton	Staunton	US	Hoa kỳ	United States
SHE	Sân bay Shenyang Taoxian	Shenyang Taoxian International Airport	SHE	Thẩm Dương	Shenyang	CN	Trung Quốc	China
SHJ	Sân bay Sharjah	Sharjah International Airport	SHJ	Sharjah	Sharjah	AE	Ả rập thống nhất	United Arab Emirates
SHO	King Mswati III Intl	King Mswati III Intl	SHO	King Mswati III Intl	King Mswati III Intl	SZ	Eswatini	Eswatini
SHP	Sân bay Qinhuangdao Shanhaiguan	Qinhuangdao Shanhaiguan Airport	SHP	Tần Hoàng Đảo	Qinhuangdao	CN	Trung Quốc	China
SHR	Sân bay Sheridan County	Sheridan County Airport	SHR	Sheridan	Sheridan	US	Hoa kỳ	United States
SHV	Sân bay Shreveport Regional	Shreveport Regional Airport	SHV	Shreveport	Shreveport	US	Hoa kỳ	United States
SIA	Sân bay Xiguan	Xiguan Airport	SIA	Tây An	Xi An	CN	Trung Quốc	China
SID	Sân bay Amilcar Cabral	Amilcar Cabral International Airport	SID	Sal Island	Sal Island	CV	Cape Verde	CAPE VERDE
SIG	Sân bay Fernando Luis Ribas Dominicci	Fernando Luis Ribas Dominicci Airport	SIG	San Juan	San Juan	PR	Puerto Rico	PUERTO RICO
SIN	Sân bay Singapore Changi	Singapore Changi Airport	SIN	Singapore	Singapore	SG	Singapore	Singapore
SIP	Sân bay Simferopol	Simferopol International Airport	SIP	Simferopol	Simferopol	UA	U-krai-na	Ukraine
SIT	Sân bay Sitka Rocky Gutierrez	Sitka Rocky Gutierrez Airport	SIT	Sitka	Sitka	US	Hoa kỳ	United States
SJC	Sân bay quốc tế San Jose	Mineta San José International Airport	SFO	San Francisco	San Francisco	US	Hoa kỳ	United States
SJD	Sân bay Los Cabos	Los Cabos International Airport	SJD	San Jose Cabo	San Jose Cabo	MX	Mê hi cô	MEXICO
SJJ	Sân bay Sarajevo	Sarajevo International Airport	SJJ	Sarajevo	Sarajevo	BA	Bosnia Herzegovina	Bosnia Herzegovina
SJP	Sân bay Prof. Eribelto Manoel Reino State	Prof. Eribelto Manoel Reino State Airport	SJP	Sao Jose Do Rio Preto	Sao Jose Do Rio Preto	BR	Bra xin	Brazil
SJT	Sân bay San Angelo Regional	San Angelo Regional Airport	SJT	San Angelo	San Angelo	US	Hoa kỳ	United States
SJU	Sân bay Luis Muñoz Marín	Luis Muñoz Marín International Airport	SJU	San Juan	San Juan	PR	Puerto Rico	PUERTO RICO
SJW	Sân bay Shijiazhuang Zhengding	Shijiazhuang Zhengding International Airport	SJW	Thạch Gia Trang	Shijiazhuang	CN	Trung Quốc	China
SKB	Sân bay Robert L. Bradshaw	Robert L. Bradshaw International Airport	SKB	Basseterre, St. Kitts Island	Basseterre, St. Kitts Island	GB	Anh quốc	United Kingdom
SKE	Sân bay Skien	Skien Airport, Geiteryggen	SKE	Skien	Skien	NO	Na Uy	Norway
SKG	Sân bay Makedonia	Makedonia Airport	SKG	Thessaloniki	Thessaloniki	GR	Hy lạp	Greece
SKN	Sân bay Stokmarknes	Stokmarknes Airport, Skagen	SKN	Storkmarknes	Stokmarknes	NO	Na Uy	Norway
SKP	Sân bay Skopje	Skopje Airport	SKP	Skopje	Skopje	MK	Macedonia	Macedonia F Y R O M
SKT	Sân bay Sialkot	Sialkot International Airport	SKT	Sialkot	Sialkot	PK	Pakistan	Pakistan
SLA	Sân bay Martín Miguel de Güemes	Martín Miguel de Güemes International Airport	SLA	Salta	Salta	AR	Ác Hen Tina	Argentina
SLC	Sân bay Salt Lake City	Salt Lake City International Airport	SLC	Salt Lake City	Salt Lake City	US	Hoa kỳ	United States
SLK	Sân bay Adirondack Regional	Adirondack Regional Airport	SLK	Saranac Lake	Saranac Lake	US	Hoa kỳ	United States
SLL	Sân bay Salalah	Salalah Airport	SLL	Salalah	Salalah	OM	Oman	Oman
SLM	Sân bay Matacán	Matacán Airport	SLM	Salamanca	Salamanca	ES	Tây Ban Nha	Spain
SLN	Sân bay Salina Municipal	Salina Municipal Airport	SLN	Salina	Salina	US	Hoa kỳ	United States
SLP	Sân bay Ponciano Arriaga	Ponciano Arriaga International Airport	SLP	San Luis Potosi	San Luis Potosi	MX	Mê hi cô	MEXICO
SLW	Sân bay Plan de Guadalupe	Plan de Guadalupe International Airport	SLW	Saltillo	Saltillo	MX	Mê hi cô	MEXICO
SLZ	Sân bay Marechal Cunha Machado	Marechal Cunha Machado International Airport	SLZ	Sao Luiz	Sao Luiz	BR	Bra xin	Brazil
SMA	Sân bay Santa Maria	Santa Maria Airport	SMA	Santa Maria	Santa Maria	PT	Bồ đào nha	Portugal
SMF	Sân bay Sacramento	Sacramento International Airport	SAC	Sacramento	Sacramento	US	Hoa kỳ	United States
SMI	Sân bay Samos	Samos International Airport "Aristarchos of Samos"	SMI	Samos	Samos	GR	Hy lạp	Greece
SMR	Sân bay Simón Bolívar	Simón Bolívar International Airport	SMR	Santa Marta	Santa Marta	CO	Colombia	Colombia
SMS	Sân bay Sainte Marie	Sainte Marie Airport	SMS	Saint Marie	Saint Marie	MG	Madagascar	Madagascar
SNA	Sân bay John Wayne	John Wayne Airport	SNA	Santa Ana	Santa Ana	US	Hoa kỳ	United States
SNE	Sân bay Preguiça	Preguiça Airport	SNE	Sao Nicolau	Sao Nicolau	CV	Cape Verde	CAPE VERDE
SNN	Sân bay Shannon	Shannon International Airport	SNN	Shannon	Shannon	IE	Cộng hòa Ai len	Republic of Ireland
SNR	Sân bay Saint-Nazaire Montoir	Saint-Nazaire Montoir Airport	SNR	St Nazaire	St Nazaire	FR	Pháp	France
SNU	Sân bay Abel Santamaría	Abel Santamaría Airport	SNU	Santa Clara	Santa Clara	CU	Cuba	Cuba
SOC	Sân bay Adi Soemarmo	Adi Soemarmo International Airport	SOC	Solo	Solo	ID	Indonesia	Indonesia
SOF	Sân bay Sofia	Sofia Airport	SOF	Sofia	Sofia	BG	Bun ga ri	Bulgaria
SOG	Sân bay Sogndal	Sogndal Airport, Haukåsen	SOG	Sogndal	Sogndal	NO	Na Uy	Norway
SOU	Sân bay Southampton	Southampton Airport	SOU	Southampton	Southampton	GB	Anh quốc	United Kingdom
SOW	Sân bay Show Low Regional	Show Low Regional Airport	SOW	Show Low	Show Low	US	Hoa kỳ	United States
SPA	Sân bay Spartanburg Downtown Memorial	Spartanburg Downtown Memorial Airport	GSP	Greenville	Greenville	SC	Seychelles Islands	Seychelles Islands
SPC	Sân bay La Palma	La Palma Airport	SPC	La Palma	La Palma	ES	Tây Ban Nha	Spain
SPI	Sân bay Abraham Lincoln Capital	Abraham Lincoln Capital Airport	SPI	Springfield	Springfield	US	Hoa kỳ	United States
SPK	Tất cả các sân bay	All Airports	SPK	Sapporo	Sapporo	JP	Nhật bản	Japan
SPN	Sân bay Saipan	Saipan International Airport	SPN	Saipan	Saipan	FM	Micronesia	Micronesia
SPR	Sân bay San Pedro	San Pedro Airport	SPR	San Pedro	San Pedro	BZ	Belize	Belize
SPS	Sân bay Sheppard AFB / Wichita Falls Municipal	Sheppard AFB / Wichita Falls Municipal Airport	SPS	Wichita Falls	Wichita Falls	US	Hoa kỳ	United States
SPU	Sân bay Split	Split Airport	SPU	Split	Split	HR	Croatia	Croatia
SRE	Sân bay Juana Azurduy de Padilla	Juana Azurduy de Padilla International Airport	SRE	Sucre	Sucre	BO	Bolivia	Bolivia
SRG	Sân bay Achmad Yani	Achmad Yani International Airport	SRG	Semarang	Semarang	ID	Indonesia	Indonesia
SRP	Sân bay Stord	Stord Airport, Sørstokken	SRP	Stord	Stord	NO	Na Uy	Norway
SRQ	Sân bay Sarasota-Bradenton	Sarasota-Bradenton International Airport	SRQ	Sarasota	Sarasota	US	Hoa kỳ	United States
SSA	Sân bay Deputado Luís Eduardo Magalhães	Deputado Luís Eduardo Magalhães International Airp	SSA	Salvador	Salvador	BR	Bra xin	Brazil
SSF	Sân bay Stinson Municipal	Stinson Municipal Airport	SSF	San Antonio	San Antonio	US	Hoa kỳ	United States
SSG	Sân bay Malabo	Malabo International Airport	SSG	Malabo	Malabo	GQ	Equatorial Guinea	Equatorial Guinea
SSH	Sân bay Sharm el-Sheikh	Sharm el-Sheikh International Airport	SSH	Sharm El Sheik	Sharm El Sheik	EG	Ai Cập	Egypt
SSI	Sân bay Malcolm McKinnon	Malcolm McKinnon Airport	SSI	St Simons Is	St Simons Is	US	Hoa kỳ	United States
SSJ	Sân bay Sandnessjøen	Sandnessjøen Airport, Stokka	SSJ	Sandnessjoen	Sandnessjoen	NO	Na Uy	Norway
STC	Sân bay St. Cloud Regional	St. Cloud Regional Airport	STC	Saint Cloud	Saint Cloud	US	Hoa kỳ	United States
STD	Sân bay Mayor Buenaventura Vivas	Mayor Buenaventura Vivas Airport	STD	Santo Domingo	Santo Domingo	VE	Vê nê du ê la	Venezuela
STE	Sân bay Stevens Point Municipal	Stevens Point Municipal Airport	STE	Stevens Point	Stevens Point	US	Hoa kỳ	United States
STI	Sân bay Cibao	Cibao International Airport	STI	Santiago	Santiago	DO	Cộng hòa Dominicana	Dominican Republic
STL	Sân bay quốc tế Lambert-St. Louis	Lambert – St. Louis International Airport	STL	St Louis	St Louis	US	Hoa kỳ	United States
STM	Sân bay Santarém-Maestro Wilson Fonseca	Santarém-Maestro Wilson Fonseca Airport	STM	Santarem	Santarem	BR	Bra xin	Brazil
STN	Sân bay London Stansted	London Stansted Airport	LON	Luân Đôn	London	GB	Anh quốc	United Kingdom
STO	Tất cả các sân bay	All Airports	STO	Stockholm	Stockholm	SE	Thụy điển	Sweden
STP	Sân bay St. Paul Downtown	St. Paul Downtown Airport	STP	St Paul	St Paul	US	Hoa kỳ	United States
STR	Sân bay Stuttgart	Stuttgart Airport	STR	Stuttgart	Stuttgart	DE	Đức	Germany
STS	Sân bay Charles M. Schulz Sonoma County	Charles M. Schulz Sonoma County Airport	STS	Santa Rosa	Santa Rosa	US	Hoa kỳ	United States
STT	Sân bay Cyril E. King	Cyril E. King Airport	STT	St Thomas	St Thomas	VI	Virgin Islands	Virgin Islands
STW	Sân bay Stavropol Shpakovskoye	Stavropol Shpakovskoye Airport	STW	Stavropol	Stavropol	RU	Nga	Russia
STX	Sân bay Henry E. Rohlsen	Henry E. Rohlsen Airport	STX	St Croix	St Croix	VI	Virgin Islands	Virgin Islands
SUB	Sân bay Juanda	Juanda International Airport	SUB	Surabaya	Surabaya	ID	Indonesia	Indonesia
SUF	Sân bay Lamezia Terme	Lamezia Terme International Airport	SUF	Lamezia Terme	Lamezia Terme	IT	Ý	Italy
SUJ	Sân bay Satu Mare	Satu Mare International Airport	SUJ	Satu Mare	Satu Mare	RO	Rumani	Romania
SUN	Sân bay Friedman Memorial	Friedman Memorial Airport	SUN	Sun Valley	Sun Valley	US	Hoa kỳ	United States
SUS	Sân bay Spirit of St. Louis	Spirit of St. Louis Airport	STL	St Louis	St Louis	US	Hoa kỳ	United States
SUV	Sân bay Nausori	Nausori International Airport	SUV	Suva	Suva	FJ	Fiji Islands	Fiji Islands
SUX	Sân bay Sioux Gateway	Sioux Gateway Airport	SUX	Sioux City	Sioux City	US	Hoa kỳ	United States
SVC	Sân bay Grant County	Grant County Airport	SVC	Silver City	Silver City	US	Hoa kỳ	United States
SVD	Sân bay E.T. Joshua	E.T. Joshua Airport	SVD	St Vincent	St Vincent	VC	Saint Vincent Và Grenadines	Saint Vincent and the Grenadines
SVG	Sân bay Stavanger	Stavanger Airport, Sola	SVG	Stavanger	Stavanger	NO	Na Uy	Norway
SVJ	Sân bay Svolvær	Svolvær Airport, Helle	SVJ	Svolvaer	Svolvaer	NO	Na Uy	Norway
SVO	Sân bay Sheremetyevo	Sheremetyevo International Airport	MOW	Mát-xờ-cơ-va	Moscow	RU	Nga	Russia
SVQ	Sân bay San Pablo	San Pablo Airport	SVQ	Sevilla	Sevilla	ES	Tây Ban Nha	Spain
SVX	Sân bay Koltsovo	Koltsovo International Airport	SVX	Ekaterinburg	Ekaterinburg	RU	Nga	Russia
SWA	Sân bay Jieyang Chaoshan	Jieyang Chaoshan Airport	SWA	Sơn Đầu	Shantou	CN	Trung Quốc	China
SWF	Sân bay Stewart	Stewart International Airport	SWF	Newburgh	Newburgh	US	Hoa kỳ	United States
SXB	Sân bay Strasbourg Entzheim	Strasbourg Entzheim International Airport	SXB	Strasbourg	Strasbourg	FR	Pháp	France
SXF	Sân bay Berlin Schönefeld	Berlin Schönefeld Airport	BER	Berlin	Berlin	DE	Đức	Germany
SXM	Sân bay Princess Juliana	Princess Juliana International Airport	SXM	St Maarten	St Maarten	AN	Netherland Antilles	Netherland Antilles
SXR	Sân bay Srinagar	Srinagar International Airport	SXR	Srinagar	Srinagar	IN	Ấn độ	India
SYD	Sân bay Kingsford Smith	Kingsford Smith International Airport	SYD	Sydney	Sydney	AU	Úc	Australia
SYM	Sân bay Simao	Simao Airport	SYM	Tư Miêu	Simao	CN	Trung Quốc	China
SYO	Sân bay Shonai	Shonai Airport	SYO	Shonai	Shonai	JP	Nhật bản	Japan
SYQ	Sân bay Tobías Bolaños	Tobías Bolaños International Airport	SYQ	San Jose	San Jose	CR	Costa Rica	COSTA RICA
SYR	Sân bay Syracuse Hancock	Syracuse Hancock International Airport	SYR	Syracuse	Syracuse	US	Hoa kỳ	United States
SYX	Sân bay Sanya Phoenix	Sanya Phoenix International Airport	SYX	Tam Á	Sanya	CN	Trung Quốc	China
SYY	Sân bay Stornoway	Stornoway Airport	SYY	Stornoway	Stornoway	GB	Anh quốc	United Kingdom
SYZ	Sân bay Shiraz	Shiraz International Airport	SYZ	Shiraz	Shiraz	IR	Iran	Iran
SZB	Sân bay Sultan Abdul Aziz Shah	Sultan Abdul Aziz Shah Airport	KUL	Kuala Lumpur	Kuala Lumpur	MY	Malaysia	Malaysia
SZF	Sân bay Carsamba	Carsamba Airport	SSX	Samsun	Samsun	TR	Thổ nhĩ kỳ	Turkey
SZG	Sân bay Salzburg	Salzburg Airport	SZG	Salzburg	Salzburg	AT	Áo	Austria
SZX	Sân bay Shenzhen Bao'an	Shenzhen Bao'an International Airport	SZX	Thâm Quyến	Shenzhen	CN	Trung Quốc	China
SZZ	Sân bay Szczecin-Goleniów "Solidarnosc"	Szczecin-Goleniów "Solidarnosc" Airport	SZZ	Szczecin	Szczecin	PL	Ba Lan	Poland
TAB	Sân bay Crown Point	Crown Point International Airport	TAB	Tobago	Tobago	TT	Trinidad Và Tobago	Trinidad and Tobago
TAC	Sân bay Daniel Z. Romualdez	Daniel Z. Romualdez Airport	TAC	Tacloban	Tacloban	PH	Philippines	Philippines
TAE	Sân bay Daegu	Daegu International Airport	TAE	Daegu	Daegu	KR	Hàn quốc	Korea
TAK	Sân bay Takamatsu	Takamatsu Airport	TAK	Takamatsu	Takamatsu	JP	Nhật bản	Japan
TAL	Sân bay Ralph M. Calhoun Memorial	Ralph M. Calhoun Memorial Airport	TAL	Tanana	Tanana	US	Hoa kỳ	United States
TAM	Sân bay General Francisco Javier Mina	General Francisco Javier Mina International Airpor	TAM	Tampico	Tampico	MX	Mê hi cô	MEXICO
TAO	Sân bay Qingdao Liuting	Qingdao Liuting International Airport	TAO	Thanh Đảo	Qingdao	CN	Trung Quốc	China
TAP	Sân bay Tapachula	Tapachula International Airport	TAP	Tapachula	Tapachula	MX	Mê hi cô	MEXICO
TAS	Sân bay Tashkent	Tashkent International Airport	TAS	Tashkent	Tashkent	UZ	U dơ bê kis tan	Uzbekistan
TAY	Sân bay Tartu-Ülenurme	Tartu-Ülenurme Airport	TAY	Tartu	Tartu	EE	Estonia	Estonia
TBB	Sân bay Tuy Hòa	Tuy Hoa Airport	TBB	Phú Yên	Tuy Hoa	VN	Việt Nam	Vietnam
TBJ	Sân bay Tabarka - 7 Novembre	Tabarka - 7 Novembre International Airport	TBJ	Tabarka	Tabarka	TN	Tuy ni di	Tunisia
TBN	Sân bay Waynesville-St. Robert Regional	Waynesville-St. Robert Regional Airport	TBN	Ft Leonard Wood	Ft Leonard Wood	US	Hoa kỳ	United States
TBP	Sân bay Cap. FAP Pedro Canga Rodríguez	Cap. FAP Pedro Canga Rodríguez Airport	TBP	Tumbes	Tumbes	PE	Peru	Peru
TBS	Sân bay Tbilisi	Tbilisi International Airport	TBS	Tbilisi	Tbilisi	GE	Georgia	Georgia
TBU	Sân bay Fua?amotu	Fuaʻamotu International Airport	TBU	Nuku Alofa	Nuku Alofa	TO	Tonga	Tonga
TBZ	Sân bay Tabriz	Tabriz International Airport	TBZ	Tabriz	Tabriz	IR	Iran	Iran
TCB	Sân bay Treasure Cay	Treasure Cay Airport	TCB	Treasure Cay	Treasure Cay	BS	Bahamas	Bahamas
TCG	Sân bay Tacheng	Tacheng Airport	TCG	Đại Thành	Tacheng	CN	Trung Quốc	China
TCI	Tất cả các sân bay	All Airports	TCI	Tenerife	Tenerife	ES	Tây Ban Nha	Spain
TCP	Sân bay Taba	Taba International Airport	TCP	Taba	Taba	EG	Ai Cập	Egypt
TCZ	Sân bay Tengchong Tuofeng	Tengchong Tuofeng Airport	TCZ	Đằng Trọng	Tengchong Tuofeng	CN	Trung Quốc	China
TDW	Sân bay Tradewind	Tradewind Airport	AMA	Amarillo	Amarillo	US	Hoa kỳ	United States
TEB	Sân bay Teterboro	Teterboro Airport	TEB	Teterboro	Teterboro	US	Hoa kỳ	United States
TEN	Sân bay Tongren Fenghuang	Tongren Fenghuang Airport	TEN	Đồng Nhân	Tongren	CN	Trung Quốc	China
TER	Lajes Field	Lajes Field	TER	Terceira	Terceira	PT	Bồ đào nha	Portugal
TET	Sân bay Chingozi	Chingozi Airport	TET	Tete	Tete	MZ	Mozambique	Mozambique
TEX	Sân bay Telluride Regional	Telluride Regional Airport	TEX	Telluride	Telluride	US	Hoa kỳ	United States
TFN	Sân bay Tenerife North	Tenerife North Airport	TCI	Tenerife	Tenerife	ES	Tây Ban Nha	Spain
TFS	Sân bay Tenerife South	Tenerife South Airport	TCI	Tenerife	Tenerife	ES	Tây Ban Nha	Spain
TFU	Sân bay quốc tế Thiên Phủ Thành Đô	Chengdu Tianfu International Airport	CTU	Thành Đô	Chengdu	CN	Trung Quốc	China
TGD	Sân bay Podgorica	Podgorica Airport	TGD	Podgorica	Podgorica	ME	Montenegro	Montenegro
TGM	Sân bay Târgu Mures	Târgu Mureş International Airport	TGM	Targu Mures	Targu Mures	RO	Rumani	Romania
TGO	Sân bay Tongliao	Tongliao Airport	TGO	Đồng Liêu	Tongliao	CN	Trung Quốc	China
TGU	Sân bay Toncontín	Toncontín International Airport	TGU	Tegucigalpa	Tegucigalpa	HN	Honduras	Honduras
TGZ	Sân bay Angel Albino Corzo	Angel Albino Corzo International Airport	TGZ	Tuxtla Gutierrez	Tuxtla Gutierrez	MX	Mê hi cô	MEXICO
THD	Sân bay Thọ Xuân	Tho Xuan Airport	THD	Thanh Hóa	Thanh Hoa	VN	Việt Nam	Vietnam
THE	Sân bay Teresina	Teresina Airport	THE	Teresina	Teresina	BR	Bra xin	Brazil
THN	Sân bay Trollhättan-Vänersborg	Trollhättan-Vänersborg Airport	THN	Trollhattan	Trollhattan	SE	Thụy điển	Sweden
THR	Sân bay Mehrabad	Mehrabad International Airport	THR	Teheran	Teheran	IR	Iran	Iran
THS	Sân bay Sukhothai	Sukhothai Airport	THS	Sukhothai	Sukhothai	TH	Thái Lan	Thailand
TIA	Sân bay Tirana	Tirana International Airport	TIA	Tirana	Tirana	AL	Albani	Albania
TIF	Sân bay Ta'if	Ta'if Airport	TIF	Taif	Taif	SA	Ả rập xê út	Saudi Arabia
TIJ	Sân bay General Abelardo L. Rodríguez	General Abelardo L. Rodríguez International Airpor	TIJ	Tijuana	Tijuana	MX	Mê hi cô	MEXICO
TIP	Sân bay Tripoli	Tripoli International Airport	TIP	Tripoli	Tripoli	LY	Libi	Libya
TIR	Sân bay Tirupati	Tirupati Airport	TIR	Tirupati	Tirupati	IN	Ấn độ	India
TIU	Sân bay Richard Pearse	Richard Pearse Airport	TIU	Timaru	Timaru	NZ	Niu di lân	New Zealand
TIV	Sân bay Tivat	Tivat Airport	TIV	Tivat	Tivat	ME	Montenegro	Montenegro
TJA	Sân bay Capitán Oriel Lea Plaza	Capitán Oriel Lea Plaza Airport	TJA	Tarija	Tarija	BO	Bolivia	Bolivia
TJM	Sân bay Roschino	Roschino Airport	TJM	Tyumen	Tyumen	RU	Nga	Russia
TJQ	Sân bay Buluh Tumbang	Buluh Tumbang Airport	TJQ	Tanjung Pandan	Tanjung Pandan	ID	Indonesia	Indonesia
TKG	Sân bay Radin Inten II	Radin Inten II Airport	TKG	Bandar Lampung	Bandar Lampung	ID	Indonesia	Indonesia
TKK	Sân bay Chuuk	Chuuk International Airport	TKK	Truk	Truk	TK	Tokelau	Tokelau
TKS	Sân bay Tokushima	Tokushima Awaodori Airport	TKS	Tokushima	Tokushima	JP	Nhật bản	Japan
TKU	Sân bay Turku	Turku Airport	TKU	Turku	Turku	FI	Phần lan	Finland
TLC	Sân bay Lic. Adolfo López Mateos	Lic. Adolfo López Mateos International Airport	TLC	Toluca	Toluca	MX	Mê hi cô	MEXICO
TLH	Sân bay Tallahassee Regional	Tallahassee Regional Airport	TLH	Tallahassee	Tallahassee	US	Hoa kỳ	United States
TLL	Sân bay Lennart Meri Tallinn	Lennart Meri Tallinn Airport	TLL	Tallinn	Tallinn	EE	Estonia	Estonia
TLN	Sân bay Toulon-Hyères	Toulon-Hyères Airport	TLN	Toulon	Toulon	FR	Pháp	France
TLS	Sân bay Toulouse Blagnac	Toulouse Blagnac International Airport	TLS	Toulouse	Toulouse	FR	Pháp	France
TLV	Sân bay Ben Gurion	Ben Gurion International Airport	TLV	Tel Aviv	Tel Aviv	IL	Israel	Israel
TMB	Sân bay Kendall-Tamiami Executive	Kendall-Tamiami Executive Airport	MIA	Miami	Miami	US	Hoa kỳ	United States
TMM	Sân bay Toamasina	Toamasina Airport	TMM	Tamatave	Tamatave	MG	Madagascar	Madagascar
TMP	Sân bay Tampere-Pirkkala	Tampere-Pirkkala Airport	TMP	Tampere	Tampere	FI	Phần lan	Finland
TMU	Sân bay Tambor	Tambor Airport	TMU	Tambor	Tambor	CR	Costa Rica	COSTA RICA
TMW	Sân bay Tamworth	Tamworth Airport	TMW	Tamworth	Tamworth	AU	Úc	Australia
TNA	Sân bay Jinan Yaoqiang	Jinan Yaoqiang International Airport	TNA	Tế Nam	Jinan	CN	Trung Quốc	China
TNG	Sân bay Ibn Batouta	Ibn Batouta International Airport	TNG	Tangier	Tangier	MA	Ma rốc	Morocco
TNH	Sân bay Tonghua Sanyuanpu	Tonghua Sanyuanpu Airport	TNH	Đồng Hóa	Tonghua Sanyuanpu	CN	Trung Quốc	China
TNN	Sân bay Tainan	Tainan Airport	TNN	Đài Nam	Tainan	TW	Đài Loan	Taiwan
TNO	Sân bay Tamarindo	Tamarindo Airport	TNO	Tamarindo	Tamarindo	CR	Costa Rica	COSTA RICA
TNR	Sân bay Ivato	Ivato Airport	TNR	Tananarive	Tananarive	MG	Madagascar	Madagascar
TOD	Sân bay Tioman	Tioman Airport	TOD	Tioman	Tioman	MY	Malaysia	Malaysia
TOE	Tozeur, Tunisia	Tozeur, Tunisia	TOE	Tozeur	Tozeur	TN	Tuy ni di	Tunisia
TOF	Sân bay Bogashevo	Bogashevo Airport	TOF	Tomsk	Tomsk	RU	Nga	Russia
TOL	Sân bay Toledo Express	Toledo Express Airport	TOL	Toledo	Toledo	US	Hoa kỳ	United States
TOS	Sân bay Tromsø	Tromsø Airport	TOS	Tromso	Tromso	NO	Na Uy	Norway
TOY	Sân bay Toyama	Toyama Airport	TOY	Toyama	Toyama	JP	Nhật bản	Japan
TPA	Sân bay Tampa	Tampa Airport	TPA	Tampa	Tampa	US	Hoa kỳ	United States
TPE	Sân bay Taiwan Taoyuan Intl	Taiwan Taoyuan Intl Airport	TPE	Đài Bắc	Taipei	TW	Đài Loan	Taiwan
TPF	Sân bay Peter O. Knight	Peter O. Knight Airport	TPA	Tampa	Tampa	US	Hoa kỳ	United States
TPQ	Sân bay Amado Nervo National	Amado Nervo National Airport	TPQ	Tepic	Tepic	MX	Mê hi cô	MEXICO
TPS	Sân bay Trapani-Birgi	Trapani-Birgi Airport	TPS	Trapani	Trapani	IT	Ý	Italy
TRC	Sân bay Francisco Sarabia	Francisco Sarabia International Airport	TRC	Torreon	Torreon	MX	Mê hi cô	MEXICO
TRD	Sân bay Trondheim	Trondheim Airport, Værnes	TRD	Trondheim	Trondheim	NO	Na Uy	Norway
TRE	Sân bay Tiree	Tiree Airport	TRE	Tiree	Tiree	GB	Anh quốc	United Kingdom
TRF	Sân bay Sandefjord	Sandefjord Airport, Torp	OSL	Oslo	Oslo	NO	Na Uy	Norway
TRG	Sân bay Tauranga	Tauranga Airport	TRG	Tauranga	Tauranga	NZ	Niu di lân	New Zealand
TRI	Sân bay Tri-Cities Regional	Tri-Cities Regional Airport	TRI	Bristol	Bristol	US	Hoa kỳ	United States
TRK	Sân bay Juwata	Juwata Airport	TRK	Tarakan	Tarakan	ID	Indonesia	Indonesia
TRS	Sân bay Friuli Venezia Giulia	Friuli Venezia Giulia Airport	TRS	Trieste	Trieste	IT	Ý	Italy
TRU	Sân bay Cap. FAP Carlos Martínez de Pinillos	Cap. FAP Carlos Martínez de Pinillos International	TRU	Trujillo	Trujillo	PE	Peru	Peru
TRV	Sân bay Trivandrum	Trivandrum International Airport	TRV	Thiruvananthapuram	Thiruvananthapuram	IN	Ấn độ	India
TRW	Sân bay Bonriki	Bonriki International Airport	TRW	Tarawa	Tarawa	KI	Kiribati	Kiribati
TRZ	Sân bay Tiruchirapalli international	Tiruchirapalli international Airport	TRZ	Tiruchirapally	Tiruchirapally	IN	Ấn độ	India
TSA	Sân bay Taipei Songshan	Taipei Songshan Airport	TPE	Đài Bắc	Taipei	TW	Đài Loan	Taiwan
TSE	Sân bay Astana	Astana Airport	TSE	Astana	Astana	KZ	Kazakstan	Kazakstan
TSF	Sân bay Treviso	Treviso Airport	TSF	Treviso	Treviso	IT	Ý	Italy
TSN	Sân bay Tianjin Binhai	Tianjin Binhai International Airport	TSN	Thiên Tân	Tianjin	CN	Trung Quốc	China
TSR	Sân bay Traian Vuia	Traian Vuia International Airport	TSR	Timisoara	Timisoara	RO	Rumani	Romania
TSS	East 34th Street Heliport	East 34th Street Heliport	TSS	New York	New York	US	Hoa kỳ	United States
TST	Sân bay Trang	Trang Airport	TST	Trang	Trang	TH	Thái Lan	Thailand
TSV	Sân bay Townsville	Townsville Airport	TSV	Townsville	Townsville	AU	Úc	Australia
TTN	Sân bay Trenton-Mercer	Trenton-Mercer Airport	TTN	Trenton	Trenton	US	Hoa kỳ	United States
TTT	Sân bay Taitung	Taitung Airport	TTT	Taitung	Taitung	TW	Đài Loan	Taiwan
TUC	Sân bay Teniente General Benjamín Matienzo	Teniente General Benjamín Matienzo International A	TUC	Tucuman	Tucuman	AR	Ác Hen Tina	Argentina
TUF	Sân bay Tours Val de Loire	Tours Val de Loire Airport	TUF	Tours	Tours	FR	Pháp	France
TUG	Sân bay Tuguegarao	Tuguegarao Airport	TUG	Tuguegarao	Tuguegarao	PH	Philippines	Philippines
TUL	Sân bay Tulsa	Tulsa International Airport	TUL	Tulsa	Tulsa	US	Hoa kỳ	United States
TUN	Sân bay Tunis–Carthage	Tunis–Carthage International Airport	TUN	Tunis	Tunis	TN	Tuy ni di	Tunisia
TUO	Sân bay Taupo	Taupo Airport	TUO	Taupo	Taupo	NZ	Niu di lân	New Zealand
TUP	Sân bay Tupelo Regional	Tupelo Regional Airport	TUP	Tupelo	Tupelo	US	Hoa kỳ	United States
TUS	Sân bay Tucson	Tucson International Airport	TUS	Tucson	Tucson	US	Hoa kỳ	United States
TUU	Sân bay Tabuk Regional	Tabuk Regional Airport	TUU	Tabuk	Tabuk	SA	Ả rập xê út	Saudi Arabia
TVC	Sân bay Cherry Capital	Cherry Capital Airport	TVC	Traverse City	Traverse City	US	Hoa kỳ	United States
TVF	Sân bay Thief River Falls Regional	Thief River Falls Regional Airport	TVF	Thief River Falls	Thief River Falls	US	Hoa kỳ	United States
TVL	Sân bay Lake Tahoe	Lake Tahoe Airport	TVL	Lake Tahoe	Lake Tahoe	US	Hoa kỳ	United States
TVS	Sân bay Tangshan	Tangshan Airport	TVS	Tangshan	Tangshan	CN	Trung Quốc	China
TWF	Sân bay Magic Valley Regional	Magic Valley Regional Airport	TWF	Twin Falls	Twin Falls	US	Hoa kỳ	United States
TWU	Sân bay Tawau	Tawau Airport	TWU	Tawau	Tawau	MY	Malaysia	Malaysia
TXG	Sân bay Taichung Ching Chuang Kang	Taichung Ching Chuang Kang Airport	TXG	Đài Trung	Taichung	TW	Đài Loan	Taiwan
TXK	Sân bay Texarkana Regional	Texarkana Regional Airport	TXK	Texarkana	Texarkana	US	Hoa kỳ	United States
TXL	Sân bay Berlin Tegel	Berlin Tegel Airport	BER	Berlin	Berlin	DE	Đức	Germany
TXN	Sân bay Huangshan Tunxi	Huangshan Tunxi Airport	TXN	Hoàng Sơn	HUANGSHAN	CN	Trung Quốc	China
TYN	Sân bay Taiyuan Wusu	Taiyuan Wusu International Airport	TYN	Thái Nguyên	Taiyuan	CN	Trung Quốc	China
TYO	Tất cả các sân bay	All Airports	TYO	Tokyo	Tokyo	JP	Nhật bản	Japan
TYR	Sân bay Tyler Pounds Regional	Tyler Pounds Regional Airport	TYR	Tyler	Tyler	US	Hoa kỳ	United States
TYS	Sân bay McGhee Tyson	McGhee Tyson Airport	TYS	Knoxville	Knoxville	US	Hoa kỳ	United States
TZA	Sân bay Belize City Municipal	Belize City Municipal Airport	BZE	Belize City	Belize City	BZ	Belize	Belize
TZX	Sân bay Trabzon	Trabzon Airport	TZX	Trabzon	Trabzon	TR	Thổ nhĩ kỳ	Turkey
UAK	Sân bay Narsarsuaq	Narsarsuaq Airport	UAK	Narsarsuaq	Narsarsuaq	GL	Greenland	Greenland
UAM	Andersen Air Force Base	Andersen Air Force Base	UAM	Guam	Guam	GU	Guam	Guam
UAQ	Sân bay Domingo Faustino Sarmiento	Domingo Faustino Sarmiento Airport	UAQ	San Juan	San Juan	AR	Ác Hen Tina	Argentina
UBJ	Sân bay Yamaguchi Ube	Yamaguchi Ube Airport	UBJ	Ube Jp	Ube Jp	JP	Nhật bản	Japan
UBP	Sân bay Ubon Ratchathani	Ubon Ratchathani Airport	UBP	Ubon Ratchath	Ubon Ratchath	TH	Thái Lan	Thailand
UBS	Sân bay Columbus-Lowndes County	Columbus-Lowndes County Airport	GTR	Columbus	Columbus	US	Hoa kỳ	United States
UDD	Sân bay Bermuda Dunes	Bermuda Dunes Airport	UDD	Palm Desert	Palm Desert	US	Hoa kỳ	United States
UDI	Sân bay Uberlandia	Uberlandia Airport	UDI	Uberlandia	Uberlandia	BR	Bra xin	Brazil
UDR	Sân bay Udaipur	Udaipur Airport	UDR	Udaipur	Udaipur	IN	Ấn độ	India
UEL	Sân bay Quelimane	Quelimane Airport	UEL	Quelimane	Quelimane	MZ	Mozambique	Mozambique
UFA	Sân bay Ufa	Ufa Airport	UFA	Ufa	Ufa	RU	Nga	Russia
UIH	Sân bay Phù Cát	Phu Cat Airport	UIH	Qui Nhơn	Qui Nhon	VN	Việt Nam	Vietnam
UIN	Sân bay Quincy Regional	Quincy Regional Airport	UIN	Quincy	Quincy	US	Hoa kỳ	United States
UIO	Sân bay Mariscal Sucre	Mariscal Sucre International Airport	UIO	Quito	Quito	EC	Ecuador	Ecuador
UIP	Sân bay Quimper - Cornouaille	Quimper - Cornouaille Airport	UIP	Quimper	Quimper	FR	Pháp	France
UKB	Sân bay Kobe	Kobe Airport	UKB	Kobe	Kobe	JP	Nhật bản	Japan
UKK	Sân bay Oskemen	Oskemen Airport	UKK	Ust Kamenogorsk	Ust Kamenogorsk	KZ	Kazakstan	Kazakstan
ULC	Sân bay Los Cerrillos	Los Cerrillos Airport	SCL	Santiago	Santiago	CL	Chi lê	Chile
ULN	Sân bay Chinggis Khaan	Chinggis Khaan International Airport	ULN	U-lan-ba-to	Ulaanbaatar	MN	Mông cổ	Mongolia
UME	Sân bay Umeå City	Umeå City Airport	UME	Umea	Umea	SE	Thụy điển	Sweden
UNK	Sân bay Unalakleet	Unalakleet Airport	UNK	Unalakleet	Unalakleet	US	Hoa kỳ	United States
UNN	Sân bay Ranong	Ranong Airport	UNN	Ranong	Ranong	TH	Thái Lan	Thailand
UPG	Sân bay Sultan Hasanuddin	Sultan Hasanuddin International Airport	UPG	Ujung Pandang	Ujung Pandang	ID	Indonesia	Indonesia
URC	Sân bay Urumqi Diwopu	Urumqi Diwopu International Airport	URC	Tân Cương	Urumqi	CN	Trung Quốc	China
URS	Sân bay Kursk Vostochny	Kursk Vostochny Airport	URS	Kursk	Kursk	RU	Nga	Russia
URT	Sân bay Surat Thani	Surat Thani Airport	URT	Surat Thani	Surat Thani	TH	Thái Lan	Thailand
USH	Sân bay Ushuaia - Malvinas Argentinas	Ushuaia - Malvinas Argentinas International Airpor	USH	Ushuaia	Ushuaia	AR	Ác Hen Tina	Argentina
USM	Sân bay Samui	Samui Airport	USM	Koh Samui	Koh Samui	TH	Thái Lan	Thailand
USN	Sân bay Ulsan	Ulsan Airport	USN	Ulsan	Ulsan	KR	Hàn quốc	Korea
UTH	Sân bay Udon Thani	Udon Thani International Airport	UTH	Udon Thani	Udon Thani	TH	Thái Lan	Thailand
UTN	Sân bay Upington	Upington Airport	UTN	Upington	Upington	ZA	Nam Phi	South Africa
UTP	Sân bay U-Tapao	U-Tapao International Airport	UTP	U Tapao	U Tapao	TH	Thái Lan	Thailand
UTT	Sân bay Mthatha	Mthatha Airport	UTT	Umtata	Umtata	ZA	Nam Phi	South Africa
UUD	Sân bay Ulan-Ude	Ulan-Ude Airport	UUD	Ulan Ude	Ulan Ude	RU	Nga	Russia
UUS	Sân bay Yuzhno-Sakhalinsk	Yuzhno-Sakhalinsk Airport	UUS	Yuzhno Sakhalinsk	Yuzhno Sakhalinsk	RU	Nga	Russia
UVF	Sân bay Hewanorra	Hewanorra International Airport	SLU	St Lucia	St Lucia	LC	Saint Lucia	Saint Lucia
UYN	Sân bay Yulin Yuyang	Yulin Yuyang Airport	UYN	Vũ Lâm	Yulin Yuyang	CN	Trung Quốc	China
VAA	Sân bay Vaasa	Vaasa Airport	VAA	Vaasa	Vaasa	FI	Phần lan	Finland
VAF	Sân bay Valence-Chabeuil	Valence-Chabeuil Airport	VAF	Valence	Valence	FR	Pháp	France
VAN	Sân bay Ferit Melen	Ferit Melen Airport	VAN	Van	Van	TR	Thổ nhĩ kỳ	Turkey
VAR	Sân bay Varna	Varna Airport	VAR	Varna	Varna	BG	Bun ga ri	Bulgaria
VAS	Sân bay Sivas	Sivas Airport	VAS	Sivas	Sivas	TR	Thổ nhĩ kỳ	Turkey
VAW	Sân bay Vardø	Vardø Airport, Svartnes	VAW	Vardoe	Vardoe	NO	Na Uy	Norway
VBS	Sân bay Brescia Montichiari	Brescia Montichiari International Airport	VBS	Brescia	Brescia	IT	Ý	Italy
VBY	Sân bay Visby	Visby Airport	VBY	Visby	Visby	SE	Thụy điển	Sweden
VCA	Sân bay Trà Nóc	Tra Noc International Airport	VCA	Cần Thơ	Can Tho	VN	Việt Nam	Vietnam
VCE	Sân bay Venice Marco Polo	Venice Marco Polo Airport	VCE	Venice	Venice	IT	Ý	Italy
VCL	Sân bay Chu Lai	Chu Lai Airport	VCL	Quảng Nam	Quang Nam	VN	Việt Nam	Vietnam
VCP	Sân bay Viracopos-Campinas	Viracopos-Campinas International Airport	SAO	Sao Paulo	Sao Paulo	BR	Bra xin	Brazil
VCS	Sân bay Cỏ Ống	Co Ong Airport	VCS	Côn Đảo	Con Dao	VN	Việt Nam	Vietnam
VCT	Sân bay Victoria Regional	Victoria Regional Airport	VCT	Victoria	Victoria	US	Hoa kỳ	United States
VDA	Sân bay Ovda	Ovda International Airport	VDA	Ovda	Ovda	IL	Israel	Israel
VDH	Sân bay Đồng Hới	Dong Hoi Airport	VDH	Quảng Bình	Quang Binh	VN	Việt Nam	Vietnam
VDM	Sân bay Gobernador Edgardo Castello	Gobernador Edgardo Castello Airport	VDM	Viedma	Viedma	AR	Ác Hen Tina	Argentina
VDO	Sân bay Vân Đồn	Van Don Airport	VDO	Quảng Ninh	Quangninh	VN	Việt Nam	Vietnam
VDS	Sân bay Vadsø	Vadsø Airport	VDS	Vadso	Vadso	NO	Na Uy	Norway
VDZ	Sân bay Valdez	Valdez Airport	VDZ	Valdez	Valdez	US	Hoa kỳ	United States
VEL	Sân bay Vernal	Vernal Airport	VEL	Vernal	Vernal	US	Hoa kỳ	United States
VER	Sân bay General Heriberto Jara	General Heriberto Jara International Airport	VER	Veracruz	Veracruz	MX	Mê hi cô	MEXICO
VFA	Sân bay Victoria Falls	Victoria Falls Airport	VFA	Victoria Falls	Victoria Falls	ZW	Zim ba bu ê	Zimbabwe
VGA	Sân bay Vijayawada	Vijayawada Airport	VGA	Vijayawada	Vijayawada	IN	Ấn độ	India
VGO	Sân bay Vigo-Peinador	Vigo-Peinador Airport	VGO	Vigo	Vigo	ES	Tây Ban Nha	Spain
VGT	Sân bay North Las Vegas	North Las Vegas Airport	LAS	Las Vegas	Las Vegas	US	Hoa kỳ	United States
VHM	Sân bay Vilhelmina	Vilhelmina Airport	VHM	Vilhelmina	Vilhelmina	SE	Thụy điển	Sweden
VIE	Sân bay Vienna	Vienna International Airport	VIE	Viên	Vienna	AT	Áo	Austria
VII	Sân bay Vinh	Vinh Airport	VII	Vinh	Vinh	VN	Việt Nam	Vietnam
VIJ	Sân bay Virgin Gorda	Virgin Gorda Airport	VIJ	Virgin Gorda	Virgin Gorda	VG	British Virgin Islands	British Virgin Islands
VIL	Sân bay Dakhla	Dakhla Airport	VIL	Dakhla	Dakhla	MA	Ma rốc	Morocco
VIN	Gavryshivka International	Gavryshivka International	VIN	Vinnitsa	Vinnitsa	UA	U-krai-na	Ukraine
VIS	Sân bay Visalia Municipal	Visalia Municipal Airport	VIS	Visalia	Visalia	US	Hoa kỳ	United States
VIT	Sân bay Vitoria Foronda	Vitoria Foronda International Airport	VIT	Vitoria	Vitoria	ES	Tây Ban Nha	Spain
VIX	Sân bay Eurico de Aguiar Salles	Eurico de Aguiar Salles Airport	VIX	Vitoria	Vitoria	BR	Bra xin	Brazil
VKG	Sân bay Rạch Giá	Rach Gia Airport	VKG	Kiên Giang	Rach Gia	VN	Việt Nam	Vietnam
VKO	Sân bay Vnukovo	Vnukovo International Airport	MOW	Mát-xờ-cơ-va	Moscow	RU	Nga	Russia
VLC	Sân bay Valencia	Valencia Airport	VLC	Valencia	Valencia	ES	Tây Ban Nha	Spain
VLD	Sân bay Valdosta Regional	Valdosta Regional Airport	VLD	Valdosta	Valdosta	US	Hoa kỳ	United States
VLI	Sân bay Bauerfield	Bauerfield International Airport	VLI	Port Vila	Port Vila	VU	Vanuatu	Vanuatu
VLL	Sân bay Valladolid	Valladolid Airport	VLL	Valladolid	Valladolid	ES	Tây Ban Nha	Spain
VLN	Sân bay Arturo Michelena	Arturo Michelena International Airport	VLN	Valencia	Valencia	VE	Vê nê du ê la	Venezuela
VLV	Sân bay Dr. Antonio Nicolás Briceno	Dr. Antonio Nicolás Briceno Airport	VLV	Valera	Valera	VE	Vê nê du ê la	Venezuela
VME	Sân bay Pringles	Pringles Airport	VME	Villa Mercedes	Villa Mercedes	AR	Ác Hen Tina	Argentina
VNO	Sân bay Vilnius	Vilnius International Airport	VNO	Vilnius	Vilnius	LT	Lithuania	Lithuania
VNS	Sân bay Varanasi	Varanasi Airport	VNS	Varanasi	Varanasi	IN	Ấn độ	India
VNX	Sân bay Vilankulo	Vilankulo Airport	VNX	Vilanculos	Vilanculos	MZ	Mozambique	Mozambique
VNY	Sân bay Van Nuys	Van Nuys Airport	LAX	Los Angeles	Los Angeles	US	Hoa kỳ	United States
VOG	Sân bay Gumrak	Gumrak Airport	VOG	Volgograd	Volgograd	RU	Nga	Russia
VOL	Sân bay	International Airport of Central Greece	VOL	Volos	Volos	GR	Hy lạp	Greece
VOZ	Sân bay Voronezh	Voronezh International Airport	VOZ	Voronezh	Voronezh	RU	Nga	Russia
VPS	Sân bay Northwest Florida Regional	Northwest Florida Regional Airport / Eglin Air For	VPS	Ft Walton Beach	Ft Walton Beach	US	Hoa kỳ	United States
VQS	Sân bay Antonio Rivera Rodriguez	Antonio Rivera Rodriguez Airport	VQS	Vieques	Vieques	PR	Puerto Rico	PUERTO RICO
VRA	Sân bay Juan Gualberto Gómez	Juan Gualberto Gómez Airport	VRA	Varadero	Varadero	CU	Cuba	Cuba
VRK	Sân bay Varkaus	Varkaus Airport	VRK	Varkaus	Varkaus	FI	Phần lan	Finland
VRN	Sân bay Verona	Verona Airport	VRN	Verona	Verona	IT	Ý	Italy
VSA	Sân bay Carlos Rovirosa Pérez	Carlos Rovirosa Pérez International Airport	VSA	Villahermosa	Villahermosa	MX	Mê hi cô	MEXICO
VSG	Sân bay Luhansk	Luhansk Airport	VSG	Lugansk	Lugansk	UA	U-krai-na	Ukraine
VST	Sân bay Stockholm-Västerås	Stockholm-Västerås Airport	VST	Vasteras	Vasteras	SE	Thụy điển	Sweden
VTE	Sân bay Wattay	Wattay International Airport	VTE	Viên Chăn	Vientiane	LA	Lào	Lao, People's Dem. Rep.
VTZ	Sân bay Visakhapatnam	Visakhapatnam Airport	VTZ	Vishakhapatanam	Vishakhapatanam	IN	Ấn độ	India
VVI	Sân bay Viru Viru	Viru Viru International Airport	SRZ	Santa Cruz	Santa Cruz	BO	Bolivia	Bolivia
VVO	Sân bay Vladivostok	Vladivostok International Airport	VVO	Vladivostok	Vladivostok	RU	Nga	Russia
VXE	Sân bay Sao Pedro	Sao Pedro Airport	VXE	Sao Vicente	Sao Vicente	CV	Cape Verde	CAPE VERDE
VXO	Sân bay Växjö	Växjö Airport	VXO	Vaxjo	Vaxjo	SE	Thụy điển	Sweden
WAG	Sân bay Wanganui	Wanganui Airport	WAG	Wanganui	Wanganui	NZ	Niu di lân	New Zealand
WAS	Tất cả các sân bay	All Airports	WAS	Washington	Washington	US	Hoa kỳ	United States
WAT	Sân bay Waterford	Waterford Airport	WAT	Waterford	Waterford	IE	Cộng hòa Ai len	Republic of Ireland
WAW	Sân bay Frederic Chopin	Frederic Chopin International Airport	WAW	Warsaw	Warsaw	PL	Ba Lan	Poland
WDH	Sân bay Windhoek Hosea Kutako	Windhoek Hosea Kutako International Airport	WDH	Windhoek	Windhoek	NA	Namibia	Namibia
WEF	Sân bay Weifang	Weifang Airport	WEF	Duy Phường	Weifang	CN	Trung Quốc	China
WEH	Sân bay Weihai Dashuibo	Weihai Dashuibo Airport	WEH	Uy Hải	Weihai	CN	Trung Quốc	China
WEI	Sân bay Weipa	Weipa Airport	WEI	Weipa	Weipa	AU	Úc	Australia
WGA	Sân bay Wagga Wagga	Wagga Wagga Airport	WGA	Wagga Wagga	Wagga Wagga	AU	Úc	Australia
WHK	Sân bay Whakatane	Whakatane Airport	WHK	Whakatane	Whakatane	NZ	Niu di lân	New Zealand
WIC	Sân bay Wick	Wick Airport	WIC	Wick	Wick	GB	Anh quốc	United Kingdom
WIL	Sân bay Wilson	Wilson Airport	NBO	Nairobi	Nairobi	KE	Kenya	Kenya
WKA	Sân bay Wanaka	Wanaka Airport	WKA	Wanaka	Wanaka	NZ	Niu di lân	New Zealand
WKJ	Sân bay Wakkanai	Wakkanai Airport	WKJ	Wakkanai	Wakkanai	JP	Nhật bản	Japan
WLG	Sân bay Wellington	Wellington International Airport	WLG	Wellington	Wellington	NZ	Niu di lân	New Zealand
WLK	Sân bay Selawik	Selawik Airport	WLK	Selawik	Selawik	US	Hoa kỳ	United States
WNH	Sân bay Wenshan	Wenshan Airport	WNH	Wenshan	Wenshan	CN	Trung Quốc	China
WNZ	Sân bay Wenzhou Yongqiang	Wenzhou Yongqiang Airport	WNZ	Ôn Châu	Wenzhou	CN	Trung Quốc	China
WRE	Sân bay Whangarei	Whangarei Airport	WRE	Whangarei	Whangarei	NZ	Niu di lân	New Zealand
WRG	Sân bay Wrangell	Wrangell Airport	WRG	Wrangell	Wrangell	US	Hoa kỳ	United States
WRL	Sân bay Worland Municipal	Worland Municipal Airport	WRL	Worland	Worland	US	Hoa kỳ	United States
WRO	Sân bay Copernicus	Copernicus Airport Wroclaw	WRO	Wroclaw	Wroclaw	PL	Ba Lan	Poland
WSZ	Sân bay Westport	Westport Airport	WSZ	Westport	Westport	NZ	Niu di lân	New Zealand
WUA	Sân bay Wuhai	Wuhai Airport	WUA	Vũ Hải	Wuhai	CN	Trung Quốc	China
WUH	Sân bay Wuhan Tianhe	Wuhan Tianhe International Airport	WUH	Vũ Hán	Wuhan	CN	Trung Quốc	China
WUS	Sân bay Wuyishan	Wuyishan Airport	WUS	Vũ Di Sơn	WUYISHAN	CN	Trung Quốc	China
WUX	Sân bay Wuxi	Wuxi	WUX	Vô Tích	WUXI	CN	Trung Quốc	China
WVB	Sân bay Walvis Bay	Walvis Bay Airport	WVB	Walvis Bay	Walvis Bay	NA	Namibia	Namibia
WXN	Sân bay Wanzhou Wuqiao	Wanzhou Wuqiao Airport	WXN	Vạn Tiên	Wanxian	CN	Trung Quốc	China
WYS	Sân bay Yellowstone	Yellowstone Airport	WYS	West Yellowstone	West Yellowstone	US	Hoa kỳ	United States
XAP	Sân bay Chapecó	Chapecó Airport	XAP	Chapeco	Chapeco	BR	Bra xin	Brazil
XCH	Sân bay Christmas Island	Christmas Island Airport	XCH	Christmas Island	Christmas Island	AU	Úc	Australia
XCR	Sân bay Vatry	Vatry International Airport	XCR	Paris	Paris	FR	Pháp	France
XFN	Sân bay Xiangfan	Xiangfan Airport	XFN	Tương Phàn	Xiangfan	CN	Trung Quốc	China
XGR	Kangiqsualujjuaq	Kangiqsualujjuaq	XGR	Kangiqsualujjuaq	Kangiqsualujjuaq	CA	Canada	Canada
XIC	Sân bay Xichang Qingshan	Xichang Qingshan Airport	XIC	Tây Xương	Xichang	CN	Trung Quốc	China
XIL	Sân bay Xilinhot	Xilinhot Airport	XIL	Tích Lâm Khiết Đặc	Xilinhot	CN	Trung Quốc	China
XIY	Sân bay Xi'an Xianyang	Xi'an Xianyang International Airport	SIA	Tây An	Xi An	CN	Trung Quốc	China
XKH	Sân bay Xieng Khouang	Xieng Khouang Airport	XKH	Xiêng Khoảng	Xieng Khouang	LA	Lào	Lao, People's Dem. Rep.
XMN	Sân bay Xiamen Gaoqi	Xiamen Gaoqi International Airport	XMN	Hạ Môn	Xiamen	CN	Trung Quốc	China
XNA	Sân bay Northwest Arkansas Regional	Northwest Arkansas Regional Airport	FYV	Fayetteville	Fayetteville	AR	Ác Hen Tina	Argentina
XNB	Sân bay Dubai	Dubai airports	DXB	Dubai	Dubai	AE	Ả rập thống nhất	United Arab Emirates
XNN	Sân bay Xining Caojiabu	Xining Caojiabu Airport	XNN	Tây Ninh	Xining	CN	Trung Quốc	China
XOC	Sân bay Madrid Atocha Rail st	Madrid Atocha Rail st	MAD	Madrid	Madrid	ES	Tây Ban Nha	Spain
XQP	Sân bay Quepos Managua	Quepos Managua Airport	XQP	Quepos	Quepos	CR	Costa Rica	COSTA RICA
XRF	Marseille Railway Station	Marseille Railway Station	MRS	Mác-xây	Marseille	FR	Pháp	France
XRY	Sân bay Jerez	Jerez Airport	XRY	Jerez De La Frontera	Jerez De La Frontera	ES	Tây Ban Nha	Spain
XTG	Sân bay Thargomindah	Thargomindah Airport	XTG	Thargomindah	Thargomindah	AU	Úc	Australia
XUZ	Sân bay Xuzhou	Xuzhou Airport	XUZ	Từ Châu	Xuzhou	CN	Trung Quốc	China
XYD	Trạm xe lửa Lyon Part-Dieu	Lyon Part-Dieu Railway Station	LYS	Lyon	Lyon	FR	Pháp	France
XZN	Avignon Railway Airport	Avignon Railway Airport	AVN	Avignon	Avignon	FR	Pháp	France
XZZ	Zaragoza Delicias Rail	Zaragoza Delicias Rail	ZAZ	Zaragoza	Zaragoza	ES	Tây Ban Nha	Spain
YAG	Sân bay Fort Frances Municipal	Fort Frances Municipal Airport	YAG	Fort Frances	Fort Frances	CA	Canada	Canada
YAK	Sân bay Yakutat	Yakutat Airport	YAK	Yakutat	Yakutat	US	Hoa kỳ	United States
YAM	Sân bay Sault Ste. Marie	Sault Ste. Marie Airport	YAM	Sault Ste Marie	Sault Ste Marie	CA	Canada	Canada
YAO	Sân bay Yaoundé	Yaoundé Airport	YAO	Yaounde	Yaounde	CM	Cộng hòa Cameroon	United Republic Of Cameroon
YAP	Sân bay Yap	Yap International Airport	YAP	Yap, Caroline Islands	Yap, Caroline Islands	NZ	Niu di lân	New Zealand
YAT	Sân bay Attawapiskat	Attawapiskat Airport	YAT	Attawapiskat	Attawapiskat	CA	Canada	Canada
YAY	Sân bay St. Anthony	St. Anthony Airport	YAY	St Anthony	St Anthony	CA	Canada	Canada
YBB	Sân bay Kugaaruk	Kugaaruk Airport	YBB	Pelly Bay	Pelly Bay	CA	Canada	Canada
YBC	Sân bay Baie-Comeau	Baie-Comeau Airport	YBC	Baie Comeau	Baie Comeau	CA	Canada	Canada
YBG	Sân bay Bagotville	Bagotville Airport	YBG	Bagotville	Bagotville	CA	Canada	Canada
YBK	Sân bay Baker Lake	Baker Lake Airport	YBK	Baker Lake	Baker Lake	CA	Canada	Canada
YBP	Sân bay Yibin Caiba	Yibin Caiba Airport	YBP	Nghi Tân	Yibin	CN	Trung Quốc	China
YBR	Sân bay Brandon Municipal	Brandon Municipal Airport	YBR	Brandon	Brandon	CA	Canada	Canada
YBW	Sân bay Bedwell Harbour	Bedwell Harbour Airport	YBW	Calgary	Calgary	CA	Canada	Canada
YBX	Sân bay Lourdes-de-Blanc-Sablon	Lourdes-de-Blanc-Sablon Airport	YBX	Blanc Sablon	Blanc Sablon	CA	Canada	Canada
YCB	Sân bay Cambridge Bay	Cambridge Bay Airport	YCB	Cambridge Bay	Cambridge Bay	CA	Canada	Canada
YCG	Sân bay West Kootenay Regional	West Kootenay Regional Airport	YCG	Castlegar	Castlegar	CA	Canada	Canada
YCL	Sân bay Charlo	Charlo Airport	YCL	Charlo	Charlo	CA	Canada	Canada
YCO	Sân bay Kugluktuk	Kugluktuk Airport	YCO	Kugluktuk/Coppermine	Kugluktuk/Coppermine	CA	Canada	Canada
YCS	Sân bay Chesterfield Inlet	Chesterfield Inlet Airport	YCS	Chesterfield Inlet	Chesterfield Inlet	CA	Canada	Canada
YCU	Sân bay Yuncheng Guangong	Yuncheng Guangong Airport	YCU	Vân Thành	Yun Cheng	CN	Trung Quốc	China
YCY	Sân bay Clyde River	Clyde River Airport	YCY	Clyde River	Clyde River	CA	Canada	Canada
YDF	Sân bay Deer Lake Regional	Deer Lake Regional Airport	YDF	Deer Lake	Deer Lake	CA	Canada	Canada
YDP	Sân bay Nain	Nain Airport	YDP	Nain	Nain	CA	Canada	Canada
YDQ	Sân bay Dawson Creek	Dawson Creek Airport	YDQ	Dawson Creek	Dawson Creek	CA	Canada	Canada
YEA	Tất cả các sân bay	All Airports	YEA	Edmonton	Edmonton	CA	Canada	Canada
YED	CFB Edmonton	CFB Edmonton	YEA	Edmonton	Edmonton	CA	Canada	Canada
YEG	Sân bay Edmonton	Edmonton International Airport	YEA	Edmonton	Edmonton	CA	Canada	Canada
YEK	Sân bay Arviat	Arviat Airport	YEK	Arviat	Arviat	CA	Canada	Canada
YEL	Sân bay Elliot Lake Municipal	Elliot Lake Municipal Airport	YEL	Elliot Lake	Elliot Lake	CA	Canada	Canada
YEV	Inuvik	Inuvik	YEV	Inuvik	Inuvik	CA	Canada	Canada
YFB	Sân bay Iqaluit	Iqaluit Airport	YFB	Iqaluit	Iqaluit	CA	Canada	Canada
YFC	Sân bay Fredericton	Fredericton International Airport	YFC	Fredericton	Fredericton	CA	Canada	Canada
YFO	Sân bay Flin Flon	Flin Flon Airport	YFO	Flin Flon	Flin Flon	CA	Canada	Canada
YGJ	Sân bay Miho-Yonago	Miho-Yonago Airport	YGJ	Yonago	Yonago	JP	Nhật bản	Japan
YGK	Sân bay Kingston/Norman Rogers	Kingston/Norman Rogers Airport	YGK	Kingston	Kingston	CA	Canada	Canada
YGL	Sân bay La Grande Rivière	La Grande Rivière Airport	YGL	La Grande	La Grande	CA	Canada	Canada
YGP	Sân bay Michel-Pouliot Gaspé	Michel-Pouliot Gaspé Airport	YGP	Gaspe	Gaspe	CA	Canada	Canada
YGR	Sân bay Îles-de-la-Madeleine	Îles-de-la-Madeleine Airport	YGR	Iles De Madeleine	Iles De Madeleine	CA	Canada	Canada
YGT	Sân bay Igloolik	Igloolik Airport	YGT	Igloolik	Igloolik	CA	Canada	Canada
YGW	Sân bay Kuujjuarapik	Kuujjuarapik Airport	YGW	Kuujjuarapik	Kuujjuarapik	CA	Canada	Canada
YGX	Sân bay Gillam	Gillam Airport	YGX	Gillam	Gillam	CA	Canada	Canada
YHA	Sân bay Port Hope Simpson	Port Hope Simpson Airport	YHA	Port Hope Simpson	Port Hope Simpson	CA	Canada	Canada
YHD	Sân bay Dryden Regional	Dryden Regional Airport	YHD	Dryden	Dryden	CA	Canada	Canada
YHG	Sân bay Charlottetown	Charlottetown Airport	YHG	Charlottetown	Charlottetown	CA	Canada	Canada
YHH	Campbell River Water Aerodrome	Campbell River Water Aerodrome	YBL	Campbell River	Campbell River	CA	Canada	Canada
YHK	Sân bay Gjoa Haven	Gjoa Haven Airport	YHK	Gjoa Haven	Gjoa Haven	CA	Canada	Canada
YHM	Sân bay John C. Munro Hamilton	John C. Munro Hamilton International Airport	YHM	Hamilton	Hamilton	CA	Canada	Canada
YHO	Sân bay Hopedale	Hopedale Airport	YHO	Hopedale	Hopedale	CA	Canada	Canada
YHR	Sân bay Chevery	Chevery Airport	YHR	Chevery	Chevery	CA	Canada	Canada
YHU	Sân bay Montréal/Saint-Hubert	Montréal/Saint-Hubert Airport	YMQ	Montreal	Montreal	CA	Canada	Canada
YHY	Sân bay Hay River/Merlyn Carter	Hay River/Merlyn Carter Airport	YHY	Hay River	Hay River	CA	Canada	Canada
YHZ	Sân bay Halifax Stanfield	Halifax Stanfield International Airport	YHZ	Halifax	Halifax	CA	Canada	Canada
YIC	Sân bay Yichun	Yichun Airport	YIC	Yichun	Yichun	CN	Trung Quốc	China
YIE	Sân bay Aershan	Aershan Airport	YIE	Aershan	Aershan	CN	Trung Quốc	China
YIF	Sân bay Saint-Augustin	Saint-Augustin Airport	YIF	Pakuashipi	Pakuashipi	CA	Canada	Canada
YIH	Sân bay Yichang Sanxia	Yichang Sanxia Airport	YIH	Nghị Xương	Yichang	CN	Trung Quốc	China
YIK	Sân bay Ivujivik	Ivujivik Airport	YIK	Ivujivik	Ivujivik	CA	Canada	Canada
YIN	Sân bay Yining	Yining Airport	YIN	Nghi Ninh	Yining	CN	Trung Quốc	China
YIP	Sân bay Willow Run	Willow Run Airport	DTT	Detroit	Detroit	US	Hoa kỳ	United States
YIW	Sân bay Yiwu	Yiwu Airport	YIW	Nghĩa Vu	Yiwu	CN	Trung Quốc	China
YJT	Sân bay Stephenville	Stephenville Airport	YJT	Stephenville	Stephenville	CA	Canada	Canada
YKA	Sân bay Kamloops	Kamloops Airport	YKA	Kamloops	Kamloops	CA	Canada	Canada
YKF	Sân bay Region of Waterloo	Region of Waterloo International Airport	YKF	Kitchener	Kitchener	CA	Canada	Canada
YKG	Sân bay Kangirsuk	Kangirsuk Airport	YKG	Kangirsuk	Kangirsuk	CA	Canada	Canada
YKL	Sân bay Schefferville	Schefferville Airport	YKL	Schefferville	Schefferville	CA	Canada	Canada
YKM	Yakima Air Terminal	Yakima Air Terminal	YKM	Yakima	Yakima	US	Hoa kỳ	United States
YKQ	Sân bay Waskaganish	Waskaganish Airport	YKQ	Waskaganish	Waskaganish	CA	Canada	Canada
YKS	Sân bay Yakutsk	Yakutsk Airport	YKS	Yakutsk	Yakutsk	RU	Nga	Russia
YKU	Sân bay Chisasibi	Chisasibi Airport	YKU	Chisasibi	Chisasibi	CA	Canada	Canada
YKZ	Sân bay Toronto/Buttonville Municipal	Toronto/Buttonville Municipal Airport	YTO	Toronto	Toronto	CA	Canada	Canada
YLC	Sân bay Kimmirut	Kimmirut Airport	YLC	Kimmirut/Lake Harbour	Kimmirut/Lake Harbour	CA	Canada	Canada
YLL	Sân bay Lloydminster	Lloydminster Airport	YLL	Lloydminster	Lloydminster	CA	Canada	Canada
YLW	Sân bay Kelowna	Kelowna International Airport	YLW	Kelowna	Kelowna	CA	Canada	Canada
YMH	Sân bay Mary's Harbour	Mary's Harbour Airport	YMH	MARY`S H	MARY`S H	CA	Canada	Canada
YMM	Sân bay Fort McMurray	Fort McMurray Airport	YMM	Ft McMurray	Ft McMurray	CA	Canada	Canada
YMN	Sân bay Makkovik	Makkovik Airport	YMN	Makkovik	Makkovik	CA	Canada	Canada
YMO	Sân bay Moosonee	Moosonee Airport	YMO	Moosonee	Moosonee	CA	Canada	Canada
YMQ	Tất cả các sân bay	All Airports	YMQ	Montreal	Montreal	CA	Canada	Canada
YMT	Sân bay Chibougamau/Chapais	Chibougamau/Chapais Airport	YMT	Chibougamau	Chibougamau	CA	Canada	Canada
YMX	Sân bay Montréal-Mirabel	Montréal-Mirabel International Airport	YMQ	Montreal	Montreal	CA	Canada	Canada
YNA	Sân bay Natashquan	Natashquan Airport	YNA	Natashquan	Natashquan	CA	Canada	Canada
YNB	Sân bay Yanbu	Yanbu Airport	YNB	Yanbo	Yanbo	SA	Ả rập xê út	Saudi Arabia
YND	Sân bay Gatineau-Ottawa Executive	Gatineau-Ottawa Executive Airport	YND	Gatineau Hull	Gatineau Hull	CA	Canada	Canada
YNJ	Sân bay Yanji Chaoyangchuan	Yanji Chaoyangchuan Airport	YNJ	Diên Cát	Yanji	CN	Trung Quốc	China
YNT	Sân bay Yantai Laishan	Yantai Laishan International Airport	YNT	Yên Đài	Yantai	CN	Trung Quốc	China
YNZ	Sân bay Yancheng Nanyang	Yancheng Nanyang Airport	YNZ	Diêm Thành	YANCHENG NANYANG	CN	Trung Quốc	China
YOJ	Sân bay High Level	High Level Airport	YOJ	High Level	High Level	CA	Canada	Canada
YOP	Sân bay Rainbow Lake	Rainbow Lake Airport	YOP	Rainbow Lake	Rainbow Lake	CA	Canada	Canada
YOW	Sân bay Ottawa/Macdonald-Cartier	Ottawa/Macdonald-Cartier International Airport	YOW	Ottawa	Ottawa	CA	Canada	Canada
YPH	Sân bay Inukjuak	Inukjuak Airport	YPH	Inukjuak	Inukjuak	CA	Canada	Canada
YPJ	Sân bay Aupaluk	Aupaluk Airport	YPJ	Aupaluk	Aupaluk	CA	Canada	Canada
YPM	Sân bay Pikangikum	Pikangikum Airport	YPM	St Pierre	St Pierre	CA	Canada	Canada
YPR	Sân bay Prince Rupert	Prince Rupert Airport	YPR	Prince Rupert	Prince Rupert	CA	Canada	Canada
YPW	Sân bay Powell River	Powell River Airport	YPW	Powell River	Powell River	CA	Canada	Canada
YPX	Sân bay Puvirnituq	Puvirnituq Airport	YPX	Povungnituk	Povungnituk	CA	Canada	Canada
YQB	Sân bay Québec/Jean Lesage	Québec/Jean Lesage International Airport	YQB	Quebec	Quebec	CA	Canada	Canada
YQC	Sân bay Quaqtaq	Quaqtaq Airport	YQC	Quaqtaq	Quaqtaq	CA	Canada	Canada
YQD	Sân bay The Pas	The Pas Airport	YQD	The Pas	The Pas	CA	Canada	Canada
YQF	Sân bay Red Deer Regional	Red Deer Regional Airport	YYC	Calgary AL	Calgary	CA	Canada	Canada
YQG	Sân bay Windsor	Windsor Airport	YQG	Windsor	Windsor	CA	Canada	Canada
YQK	Sân bay Kenora	Kenora Airport	YQK	Kenora	Kenora	CA	Canada	Canada
YQL	Sân bay Lethbridge County	Lethbridge County Airport	YQL	Lethbridge	Lethbridge	CA	Canada	Canada
YQM	Sân bay Greater Moncton	Greater Moncton International Airport	YQM	Moncton	Moncton	CA	Canada	Canada
YQQ	CFB Comox	CFB Comox	YQQ	Comox	Comox	CA	Canada	Canada
YQR	Regina	Regina	YQR	Regina	Regina	CA	Canada	Canada
YQT	Sân bay Thunder Bay	Thunder Bay Airport	YQT	Thunder Bay OT	Thunder Bay	CA	Canada	Canada
YQU	Sân bay Grande Prairie	Grande Prairie Airport	YQU	Grande Prairie	Grande Prairie	CA	Canada	Canada
YQX	Sân bay Gander	Gander International Airport / CFB Gander	YQX	Gander	Gander	CA	Canada	Canada
YQY	Sân bay Sydney/J.A. Douglas McCurdy	Sydney/J.A. Douglas McCurdy Airport	YQY	Sydney	Sydney	CA	Canada	Canada
YQZ	Sân bay Quesnel	Quesnel Airport	YQZ	Quesnel	Quesnel	CA	Canada	Canada
YRL	Sân bay Red Lake	Red Lake Airport	YRL	Red Lake	Red Lake	CA	Canada	Canada
YRT	Sân bay Rankin Inlet	Rankin Inlet Airport	YRT	Rankin Inlet	Rankin Inlet	CA	Canada	Canada
YSB	Sân bay Sudbury	Sudbury Airport	YSB	Sudbury	Sudbury	CA	Canada	Canada
YSJ	Sân bay Saint John	Saint John Airport	YSJ	St John	St John	CA	Canada	Canada
YSK	Sân bay Sanikiluaq	Sanikiluaq Airport	YSK	Sanikiluaq	Sanikiluaq	CA	Canada	Canada
YSM	Sân bay Fort Smith	Fort Smith Airport	YSM	Ft Smith	Ft Smith	CA	Canada	Canada
YSO	Sân bay Postville	Postville Airport	YSO	Postville	Postville	CA	Canada	Canada
YTE	Sân bay Cape Dorset	Cape Dorset Airport	YTE	Cape Dorset	Cape Dorset	CA	Canada	Canada
YTH	Sân bay Thompson	Thompson Airport	YTH	Thompson	Thompson	CA	Canada	Canada
YTO	Tất cả các sân bay	All Airports	YTO	Toronto	Toronto	CA	Canada	Canada
YTQ	Sân bay Tasiujaq	Tasiujaq Airport	YTQ	Tasiujuaq	Tasiujuaq	CA	Canada	Canada
YTS	Sân bay Timmins/Victor M. Power	Timmins/Victor M. Power Airport	YTS	Timmins	Timmins	CA	Canada	Canada
YTY	Sân bay Yangzhou	Yangzhou Airport	YTY	Thái Châu Dương Châu	Yangzhou	CN	Trung Quốc	China
YTZ	Sân bay Billy Bishop Toronto City	Billy Bishop Toronto City Airport	YTO	Toronto	Toronto	CA	Canada	Canada
YUD	Sân bay Umiujaq	Umiujaq Airport	YUD	Umiujaq	Umiujaq	CA	Canada	Canada
YUL	Sân bay Montréal–Pierre Elliott Trudeau	Montréal–Pierre Elliott Trudeau International Airp	YMQ	Montreal	Montreal	CA	Canada	Canada
YUM	Sân bay Yuma	Yuma International Airport / MCAS Yuma	YUM	Yuma	Yuma	US	Hoa kỳ	United States
YUS	Sân bay Yushu Batang	Yushu Batang Airport	YUS	Ba Tong	Yushu Batang	CN	Trung Quốc	China
YUX	Sân bay Hall Beach	Hall Beach Airport	YUX	Hall Beach	Hall Beach	CA	Canada	Canada
YUY	Sân bay Rouyn-Noranda	Rouyn-Noranda Airport	YUY	Rouyn Noranda	Rouyn Noranda	CA	Canada	Canada
YVA	Sân bay Iconi	Iconi Airport	YVA	Moroni	Moroni	KM	Comoros	Comoros
YVO	Sân bay Val-d'Or	Val-d'Or Airport	YVO	Val D Or	Val D Or	CA	Canada	Canada
YVP	Sân bay Kuujjuaq	Kuujjuaq Airport	YVP	Kuujjuaq	Kuujjuaq	CA	Canada	Canada
YVQ	Sân bay Norman Wells	Norman Wells Airport	YVQ	Norman Wells	Norman Wells	CA	Canada	Canada
YVR	Vancouver International Airport	Vancouver International Airport	YVR	Vancouver	Vancouver	CA	Canada	Canada
YWB	Sân bay Wakeham Bay	Wakeham Bay Airport	YWB	Kangiqsujuaq	Kangiqsujuaq	CA	Canada	Canada
YWG	Sân bay Winnipeg James Armstrong Richardson	Winnipeg James Armstrong Richardson International	YWG	Winnipeg MN	Winnipeg	CA	Canada	Canada
YWH	Sân bay Victoria Inner Harbour	Victoria Inner Harbour Airport	YYJ	Victoria	Victoria	CA	Canada	Canada
YWK	Sân bay Wabush	Wabush Airport	YWK	Wabush	Wabush	CA	Canada	Canada
YWL	Sân bay Williams Lake	Williams Lake Airport	YWL	Williams Lake	Williams Lake	CA	Canada	Canada
YXC	Sân bay Cranbrook/Canadian Rockies	Cranbrook/Canadian Rockies International Airport	YXC	Cranbrook	Cranbrook	CA	Canada	Canada
YXD	Edmonton City Centre	Edmonton City Centre	YEA	Edmonton	Edmonton	CA	Canada	Canada
YXH	Sân bay Medicine Hat	Medicine Hat Airport	YXH	Medicine Hat	Medicine Hat	CA	Canada	Canada
YXJ	Sân bay Fort St. John	Fort St. John Airport	YXJ	Ft St John	Ft St John	CA	Canada	Canada
YXL	Sân bay Sioux Lookout	Sioux Lookout Airport	YXL	Sioux Lookout	Sioux Lookout	CA	Canada	Canada
YXN	Sân bay Whale Cove	Whale Cove Airport	YXN	Whale Cove	Whale Cove	CA	Canada	Canada
YXP	Sân bay Pangnirtung	Pangnirtung Airport	YXP	Pangnirtung	Pangnirtung	CA	Canada	Canada
YXS	Sân bay Prince George	Prince George Airport	YXS	Prince George	Prince George	CA	Canada	Canada
YXT	Sân bay Northwest Regional	Northwest Regional Airport	YXT	Terrace	Terrace	CA	Canada	Canada
YXU	Sân bay London	London International Airport	YXU	London	London	CA	Canada	Canada
YXX	Sân bay Abbotsford	Abbotsford International Airport	YXX	Abbotsford	Abbotsford	CA	Canada	Canada
YXY	Sân bay Erik Nielsen Whitehorse	Erik Nielsen Whitehorse International Airport	YXY	Whitehorse	Whitehorse	CA	Canada	Canada
YYB	Sân bay North Bay/Jack Garland	North Bay/Jack Garland Airport	YYB	North Bay	North Bay	CA	Canada	Canada
YYC	Sân bay Calgary	Calgary Airport	YYC	Calgary AL	Calgary	CA	Canada	Canada
YYD	Sân bay Smithers	Smithers Airport	YYD	Smithers	Smithers	CA	Canada	Canada
YYE	Sân bay Fort Nelson	Fort Nelson Airport	YYE	Fort Nelson	Fort Nelson	CA	Canada	Canada
YYF	Sân bay Penticton	Penticton Airport	YYF	Penticton	Penticton	CA	Canada	Canada
YYG	Sân bay Charlottetown	Charlottetown Airport	YYG	Charlottetown	Charlottetown	CA	Canada	Canada
YYH	Sân bay Taloyoak	Taloyoak Airport	YYH	Taloyoak	Taloyoak	CA	Canada	Canada
YYJ	Sân bay Victoria	Victoria International Airport	YYJ	Victoria	Victoria	CA	Canada	Canada
YYL	Sân bay Lynn Lake	Lynn Lake Airport	YYL	Lynn Lake	Lynn Lake	CA	Canada	Canada
YYQ	Sân bay Churchill	Churchill Airport	YYQ	Churchill	Churchill	CA	Canada	Canada
YYR	Sân bay CFB Goose Bay / Goose Bay	CFB Goose Bay / Goose Bay Airport	YYR	Goose Bay	Goose Bay	CA	Canada	Canada
YYT	Sân bay St. John's	St. John's International Airport	YYT	St Johns	St Johns	CA	Canada	Canada
YYU	Sân bay Kapuskasing	Kapuskasing Airport	YYU	Kapuskasing	Kapuskasing	CA	Canada	Canada
YYY	Sân bay Mont-Joli	Mont-Joli Airport	YYY	Mont Joli	Mont Joli	CA	Canada	Canada
YYZ	Sân bay Toronto Pearson	Toronto Pearson International Airport	YTO	Toronto	Toronto	CA	Canada	Canada
YZF	Sân bay Yellowknife	Yellowknife Airport	YZF	Yellowknife	Yellowknife	CA	Canada	Canada
YZG	Sân bay Salluit	Salluit Airport	YZG	Salluit	Salluit	CA	Canada	Canada
YZP	Sân bay Sandspit	Sandspit Airport	YZP	Sandspit	Sandspit	CA	Canada	Canada
YZR	Sân bay Sarnia Chris Hadfield	Sarnia Chris Hadfield Airport	YZR	Sarnia	Sarnia	CA	Canada	Canada
YZS	Sân bay Coral Harbour	Coral Harbour Airport	YZS	Coral Harbour	Coral Harbour	CA	Canada	Canada
YZT	Sân bay Port Hardy	Port Hardy Airport	YZT	Port Hardy	Port Hardy	CA	Canada	Canada
YZV	Sân bay Sept-Îles	Sept-Îles Airport	YZV	Sept Iles	Sept Iles	CA	Canada	Canada
YZY	Sân bay Zhangye Ganzhou	Zhangye Ganzhou Airport	YZY	Zhangye Ganzhou	Zhangye Ganzhou	CN	Trung Quốc	China
ZAD	Sân bay Zadar	Zadar Airport	ZAD	Zadar	Zadar	HR	Croatia	Croatia
ZAG	Sân bay Zagreb	Zagreb Airport	ZAG	Zagreb	Zagreb	HR	Croatia	Croatia
ZAL	Sân bay Pichoy	Pichoy Airport	ZAL	Valdivia	Valdivia	CL	Chi lê	Chile
ZAT	Sân bay Zhaotong	Zhaotong Airport	ZAT	Triều Đông	Zhaotong	CN	Trung Quốc	China
ZAZ	Sân bay Zaragoza	Zaragoza Airport	ZAZ	Zaragoza	Zaragoza	ES	Tây Ban Nha	Spain
ZBF	Sân bay Bathurst	Bathurst Airport	ZBF	Bathurst	Bathurst	CA	Canada	Canada
ZCL	Sân bay General Leobardo C. Ruiz	General Leobardo C. Ruiz International Airport	ZCL	Zacatecas	Zacatecas	MX	Mê hi cô	MEXICO
ZCO	Sân bay Maquehue	Maquehue Airport	ZCO	Temuco	Temuco	CL	Chi lê	Chile
ZGS	Sân bay Gethsemani	Gethsemani Airport	ZGS	Gethsemanie	Gethsemanie	CA	Canada	Canada
ZHA	Sân bay Zhanjiang	Zhanjiang Airport	ZHA	Thậm Giang	Zhangjiang	CN	Trung Quốc	China
ZHY	Sân bay Zhongwei	Zhongwei Airport	ZHY	Zhongwei	Zhongwei	CN	Trung Quốc	China
ZIG	Sân bay Ziguinchor	Ziguinchor Airport	ZIG	Ziguinchor	Ziguinchor	SN	Senegal	Senegal
ZIH	Sân bay Ixtapa-Zihuatanejo	Ixtapa-Zihuatanejo International Airport	ZIH	Zihuatanejo	Zihuatanejo	MX	Mê hi cô	MEXICO
ZKG	Sân bay Kegaska	Kegaska Airport	ZKG	Kegaska	Kegaska	CA	Canada	Canada
ZLO	Sân bay Playa de Oro	Playa de Oro International Airport	ZLO	Manzanillo	Manzanillo	MX	Mê hi cô	MEXICO
ZLT	Sân bay La Tabatière	La Tabatière Airport	ZLT	La Tabatiere	La Tabatiere	CA	Canada	Canada
ZNA	Sân bay Nanaimo Harbour Water	Nanaimo Harbour Water Airport	YCD	Nanaimo	Nanaimo	CA	Canada	Canada
ZNE	Sân bay Newman	Newman Airport	ZNE	Newman	Newman	AU	Úc	Australia
ZNZ	Sân bay Zanzibar	Zanzibar Airport	ZNZ	Zanzibar	Zanzibar	TZ	Tanzania	Tanzania
ZOS	Sân bay Cañal Bajo Carlos Hott Siebert	Cañal Bajo Carlos Hott Siebert Airport	ZOS	Osorno	Osorno	CL	Chi lê	Chile
ZQN	Sân bay Queenstown	Queenstown Airport	ZQN	Queenstown	Queenstown	NZ	Niu di lân	New Zealand
ZQZ	Sân bay Zhangjiakou	Zhangjiakou Airport	ZQZ	Zhangjiakou	Zhangjiakou	CN	Trung Quốc	China
ZRH	Sân bay Zurich	Zurich Airport	ZRH	Zurich	Zurich	CH	Thụy sỹ	Switzerland
ZSA	Sân bay San Salvador	San Salvador Airport	ZSA	San Salvador	San Salvador	BS	Bahamas	Bahamas
ZSE	Sân bay Pierrefonds	Pierrefonds Airport	ZSE	St Pierre Dela Reunion	St Pierre Dela Reunion	RE	Reunion	Reunion
ZSW	Sân bay Prince Rupert/Seal Cove Water	Prince Rupert/Seal Cove Water Airport	YPR	Prince Rupert	Prince Rupert	CA	Canada	Canada
ZTB	Sân bay Tête-à-la-Baleine	Tête-à-la-Baleine Airport	ZTB	Tete A La Baleine	Tete A La Baleine	CA	Canada	Canada
ZTH	Sân bay Zakynthos	Zakynthos International Airport, "Dionysios Solomo	ZTH	Zakynthos	Zakynthos	GR	Hy lạp	Greece
ZUH	Sân bay Zhuhai Sanzao	Zhuhai Sanzao Airport	ZUH	Chu Hải	Zhuhai	CN	Trung Quốc	China
ZUM	Sân bay Churchill Falls	Churchill Falls Airport	ZUM	Churchill Falls	Churchill Falls	CA	Canada	Canada
ZVK	Sân bay Savannakhet	Savannakhet Airport	ZVK	Savannakhet	Savannakhet	LA	Lào	Lao, People's Dem. Rep.
ZWE	Antwerpen-Centraal railway station	Antwerpen-Centraal railway station	ZYZ	Bru-xen	Brussels	BE	Bỉ	Belgium
ZWS	Stuttgart Hauptbahnhof	Stuttgart Hauptbahnhof	ZWS	Stuttgart	Stuttgart	DE	Đức	Germany
ZYI	Sân bay Zunyi	Zunyi Airport	ZYI	Tuân Nghĩa	Zunyi	CN	Trung Quốc	China
ZYL	Sân bay Osmani	Osmani International Airport	ZYL	Sylhet	Sylhet	BD	Băng la đét	Bangladesh
ZYR	Brussels Midi Station	Brussels Midi Station	ZYZ	Bru-xen	Brussels	BE	Bỉ	Belgium
ZYZ	Antwerp	Antwerp	ZYZ	Bru-xen	Brussels	BE	Bỉ	Belgium
ZZV	Sân bay Zanesville Municipal	Zanesville Municipal Airport	ZZV	Zanesville	Zanesville	US	Hoa kỳ	United States
